node_id,run_time,last_obs_time,current,pred_t+5,delta_t+5,pred_t+10,delta_t+10,pred_t+15,delta_t+15,pred_t+20,delta_t+20,pred_t+25,delta_t+25,pred_t+30,delta_t+30,pred_t+35,delta_t+35,pred_t+40,delta_t+40,pred_t+45,delta_t+45,pred_t+50,delta_t+50,pred_t+55,delta_t+55,pred_t+60,delta_t+60,expected_mae_node,confidence
0,2026-02-06 08:10:37.091844,2012-06-27 21:55:00,67.375,67.36113,-0.013870239,67.39761,0.022613525,66.9747,-0.40029907,67.016785,-0.35821533,67.16502,-0.2099762,67.12061,-0.2543869,67.094604,-0.2803955,67.24117,-0.13382721,67.2444,-0.13059998,67.19003,-0.18496704,67.11195,-0.26304626,67.02132,-0.35368347,5.112723,medium
1,2026-02-06 08:10:37.091844,2012-06-27 21:55:00,63.75,63.85071,0.10071182,63.890926,0.14092636,63.58731,-0.16268921,63.804955,0.05495453,63.753,0.002998352,64.07361,0.3236084,63.93813,0.18812943,64.02452,0.27452087,64.182175,0.43217468,64.296715,0.5467148,64.29522,0.5452194,64.35425,0.60424805,3.6470182,high
2,2026-02-06 08:10:37.091844,2012-06-27 21:55:00,68.625,68.59464,-0.03035736,68.70454,0.07953644,68.541084,-0.08391571,68.532234,-0.09276581,68.33679,-0.288208,68.39758,-0.22741699,68.52976,-0.09523773,68.535965,-0.089035034,68.42178,-0.20321655,68.572525,-0.052474976,68.51603,-0.10897064,68.60784,-0.017158508,4.3604054,high
3,2026-02-06 08:10:37.091844,2012-06-27 21:55:00,54.125,54.316437,0.19143677,54.319195,0.1941948,54.738373,0.6133728,54.790215,0.66521454,55.140415,1.0154152,55.60871,1.4837112,55.764763,1.6397629,55.719765,1.5947647,55.940193,1.8151932,56.153885,2.028885,56.214073,2.0890732,55.95194,1.8269386,5.0448284,medium
4,2026-02-06 08:10:37.091844,2012-06-27 21:55:00,0.0,0.08362961,0.08362961,0.9323654,0.9323654,0.8758049,0.8758049,1.817585,1.817585,1.6979218,1.6979218,1.8512688,1.8512688,2.1728325,2.1728325,3.1744385,3.1744385,3.486332,3.486332,2.9600983,2.9600983,3.0215302,3.0215302,3.8458939,3.8458939,6.4286685,low
5,2026-02-06 08:10:37.091844,2012-06-27 21:55:00,58.25,58.345444,0.095443726,58.958046,0.70804596,58.932316,0.6823158,58.6925,0.44250107,58.921467,0.6714668,59.49627,1.2462692,59.867035,1.6170349,59.539597,1.2895966,59.743656,1.4936562,59.690628,1.440628,59.737732,1.4877319,60.12468,1.8746796,6.255664,low
6,2026-02-06 08:10:37.091844,2012-06-27 21:55:00,58.875,58.87516,0.00016021729,59.27677,0.40177155,59.175907,0.30090714,59.68998,0.81497955,59.436356,0.5613556,59.923065,1.0480652,59.636517,0.7615166,60.058327,1.1833267,60.093987,1.2189865,60.719784,1.8447838,61.03186,2.1568604,61.193626,2.3186264,5.1335135,medium
7,2026-02-06 08:10:37.091844,2012-06-27 21:55:00,63.375,63.52228,0.14728165,63.202896,-0.17210388,63.4243,0.049301147,63.587482,0.21248245,63.443718,0.06871796,63.62732,0.25231934,63.680916,0.30591583,63.647896,0.2728958,63.797356,0.42235565,63.94005,0.5650482,63.87503,0.5000305,64.024506,0.6495056,3.6973479,high
8,2026-02-06 08:10:37.091844,2012-06-27 21:55:00,62.57143,62.455723,-0.1157074,62.352375,-0.21905518,62.523735,-0.04769516,62.40161,-0.16981888,62.68155,0.110118866,62.374435,-0.19699478,62.584232,0.012802124,62.412518,-0.15891266,62.246906,-0.32452393,62.352203,-0.21922684,62.36049,-0.21094131,62.312065,-0.25936508,5.5331388,medium
9,2026-02-06 08:10:37.091844,2012-06-27 21:55:00,66.85714,66.83697,-0.02017212,67.00156,0.14441681,66.68011,-0.17703247,66.65836,-0.19877625,66.87459,0.017448425,66.76821,-0.08892822,66.97605,0.11891174,66.90996,0.0528183,66.983826,0.1266861,66.70155,-0.15558624,66.6688,-0.18833923,66.73108,-0.12606049,5.667743,medium
10,2026-02-06 08:10:37.091844,2012-06-27 21:55:00,59.875,59.654484,-0.2205162,60.182434,0.30743408,59.78255,-0.09244919,60.032337,0.15733719,59.795464,-0.07953644,60.028957,0.15395737,60.147655,0.2726555,60.037804,0.16280365,60.06281,0.18780899,59.993073,0.11807251,60.098747,0.22374725,60.024418,0.14941788,4.110711,high
11,2026-02-06 08:10:37.091844,2012-06-27 21:55:00,62.375,62.24096,-0.13404083,62.27322,-0.10177994,62.12644,-0.24856186,62.23861,-0.13639069,62.479637,0.104637146,62.493053,0.11805344,62.467964,0.09296417,62.359394,-0.0156059265,62.336582,-0.038417816,62.541595,0.16659546,62.378426,0.0034255981,62.546432,0.1714325,4.850789,medium
12,2026-02-06 08:10:37.091844,2012-06-27 21:55:00,46.125,46.402493,0.27749252,46.505825,0.38082504,47.0493,0.92430115,46.755585,0.6305847,47.179043,1.0540428,47.289265,1.1642647,47.931217,1.8062172,47.49231,1.3673096,48.462746,2.3377457,48.755737,2.6307373,48.537827,2.4128265,49.159336,3.034336,5.970433,low
13,2026-02-06 08:10:37.091844,2012-06-27 21:55:00,67.25,67.15821,-0.091789246,67.046425,-0.20357513,67.21907,-0.030929565,67.27675,0.026748657,67.32618,0.076179504,67.17288,-0.07711792,67.19328,-0.05671692,67.28339,0.03338623,67.26995,0.019950867,67.24122,-0.008781433,67.297485,0.04748535,67.3125,0.0625,5.257215,medium
14,2026-02-06 08:10:37.091844,2012-06-27 21:55:00,62.75,62.82119,0.07118988,62.870197,0.120197296,62.69536,-0.054641724,62.72906,-0.020938873,62.808243,0.058242798,62.721977,-0.028022766,63.01032,0.26031876,62.66658,-0.0834198,62.60504,-0.1449585,62.53139,-0.21860886,63.011295,0.26129532,62.562214,-0.1877861,6.593052,low
15,2026-02-06 08:10:37.091844,2012-06-27 21:55:00,47.25,47.79454,0.5445404,47.78009,0.53009033,48.487614,1.2376137,48.687336,1.437336,48.89891,1.6489105,49.71986,2.46986,49.51428,2.2642784,49.681263,2.431263,50.639328,3.389328,50.456154,3.2061539,50.646885,3.396885,50.827766,3.5777664,6.26223,low
16,2026-02-06 08:10:37.091844,2012-06-27 21:55:00,1.9073486e-06,0.12911606,0.12911415,0.2274704,0.22746849,0.36540794,0.36540604,0.75608635,0.75608444,0.7269821,0.7269802,0.9070244,0.9070225,1.0322685,1.0322666,1.1634712,1.1634693,1.3634987,1.3634968,1.3769112,1.3769093,1.4940395,1.4940376,1.4035378,1.4035358,2.6737328,high
17,2026-02-06 08:10:37.091844,2012-06-27 21:55:00,61.0,61.0939,0.09389877,61.306515,0.30651474,61.394146,0.39414597,61.484943,0.4849434,61.835262,0.8352623,61.89743,0.8974304,62.027477,1.0274773,62.07791,1.0779114,62.06164,1.0616417,62.416016,1.4160156,62.625923,1.6259232,62.64447,1.6444702,5.3995748,medium
18,2026-02-06 08:10:37.091844,2012-06-27 21:55:00,60.5,60.30094,-0.19905853,60.195972,-0.30402756,60.355232,-0.14476776,60.171337,-0.32866287,60.57552,0.07551956,60.41983,-0.08016968,60.189423,-0.3105774,60.189835,-0.3101654,60.22895,-0.2710495,60.119385,-0.38061523,59.923103,-0.57689667,59.977146,-0.52285385,4.336975,high
19,2026-02-06 08:10:37.091844,2012-06-27 21:55:00,61.25,61.42283,0.17282867,61.41287,0.1628685,61.73949,0.4894905,61.839466,0.5894661,61.662468,0.41246796,61.922726,0.6727257,62.07196,0.82196045,62.35737,1.1073685,62.15509,0.90509033,62.166782,0.9167824,62.347763,1.0977631,62.693657,1.4436569,4.55267,high
20,2026-02-06 08:10:37.091844,2012-06-27 21:55:00,67.125,67.12603,0.0010299683,67.08808,-0.03691864,67.19699,0.07199097,67.22155,0.09654999,67.04129,-0.08370972,67.204445,0.079444885,67.315506,0.19050598,67.22311,0.098106384,67.08779,-0.037208557,67.05965,-0.06535339,67.26986,0.14485931,67.1627,0.03769684,5.0763946,medium
21,2026-02-06 08:10:37.091844,2012-06-27 21:55:00,59.375,59.318428,-0.05657196,59.171585,-0.20341492,59.29341,-0.081588745,58.866173,-0.5088272,59.057446,-0.31755447,58.887524,-0.48747635,58.77194,-0.6030617,58.8623,-0.5126991,58.779716,-0.5952835,58.68301,-0.6919899,58.539883,-0.83511734,58.627342,-0.7476578,4.312942,high
22,2026-02-06 08:10:37.091844,2012-06-27 21:55:00,49.375,49.247902,-0.12709808,49.327343,-0.047657013,49.49941,0.12440872,49.40894,0.03393936,49.477726,0.10272598,49.79354,0.41854095,49.425526,0.050525665,49.572754,0.1977539,49.670685,0.2956848,49.800827,0.42582703,49.771885,0.39688492,49.83651,0.4615097,4.458913,high
23,2026-02-06 08:10:37.091844,2012-06-27 21:55:00,62.625,63.114044,0.4890442,62.624863,-0.0001373291,62.64637,0.021369934,62.878647,0.25364685,62.80221,0.17721176,62.749527,0.12452698,62.67422,0.04922104,62.675385,0.05038452,62.511482,-0.11351776,62.707413,0.08241272,62.72081,0.09580994,62.66113,0.036128998,7.3051343,low
24,2026-02-06 08:10:37.091844,2012-06-27 21:55:00,67.5,67.52896,0.028961182,67.50173,0.0017318726,67.39447,-0.105529785,67.350235,-0.14976501,67.39794,-0.10205841,67.47109,-0.028907776,67.66385,0.16384888,67.600555,0.10055542,67.51671,0.016708374,67.88925,0.3892517,67.73741,0.2374115,67.90728,0.40727997,4.5530553,high
25,2026-02-06 08:10:37.091844,2012-06-27 21:55:00,65.125,65.121506,-0.0034942627,65.26606,0.14105988,65.06018,-0.064819336,65.12751,0.0025100708,64.649475,-0.4755249,65.12969,0.0046920776,65.20308,0.07807922,65.12412,-0.0008773804,65.332245,0.20724487,65.343735,0.21873474,65.6432,0.51820374,65.36152,0.23651886,7.871849,low
26,2026-02-06 08:10:37.091844,2012-06-27 21:55:00,54.4,54.540276,0.14027405,54.701427,0.30142593,54.6212,0.22119904,54.630806,0.23080444,55.261665,0.8616638,55.40793,1.007927,55.705914,1.305912,55.783905,1.3839035,56.329014,1.9290123,56.108345,1.7083435,56.62247,2.2224693,56.807957,2.4079552,6.4147844,low
27,2026-02-06 08:10:37.091844,2012-06-27 21:55:00,61.375,61.453613,0.07861328,61.471066,0.09606552,61.5099,0.13489914,61.3435,-0.03150177,61.52312,0.14812088,61.673313,0.29831314,61.49565,0.120651245,61.596615,0.22161484,61.63746,0.2624588,61.64444,0.2694397,61.651077,0.27607727,61.813606,0.43860626,3.6296792,high
28,2026-02-06 08:10:37.091844,2012-06-27 21:55:00,69.375,69.35909,-0.015907288,69.30681,-0.06819153,69.13054,-0.24446106,69.32639,-0.048606873,69.35158,-0.023422241,69.38816,0.013160706,69.349144,-0.025856018,69.17308,-0.20191956,69.16798,-0.20702362,69.44621,0.07121277,69.04182,-0.3331833,69.261734,-0.11326599,4.177825,high
29,2026-02-06 08:10:37.091844,2012-06-27 21:55:00,66.375,66.42915,0.054153442,66.3405,-0.034500122,66.38922,0.014221191,66.41051,0.035507202,66.55963,0.18463135,66.48564,0.11064148,66.524956,0.14995575,66.60257,0.22756958,66.39758,0.022583008,66.53612,0.16111755,66.662796,0.28779602,66.64401,0.26901245,3.9738386,high
30,2026-02-06 08:10:37.091844,2012-06-27 21:55:00,62.75,62.60946,-0.14054108,62.72248,-0.027519226,62.483856,-0.2661438,62.953804,0.20380402,63.183853,0.43385315,62.991913,0.24191284,63.03453,0.28453064,63.053905,0.3039055,62.763626,0.013626099,63.017067,0.26706696,63.137157,0.38715744,63.478024,0.7280235,7.1636457,low
31,2026-02-06 08:10:37.091844,2012-06-27 21:55:00,66.0,66.023926,0.023925781,65.80383,-0.19616699,66.048965,0.048965454,66.08717,0.08717346,65.967354,-0.03264618,66.02008,0.020080566,66.10394,0.10394287,66.19613,0.19612885,66.11001,0.11000824,66.17673,0.1767273,66.29377,0.29376984,66.205124,0.2051239,5.1738315,medium
32,2026-02-06 08:10:37.091844,2012-06-27 21:55:00,67.0,67.0472,0.047203064,66.98273,-0.01727295,67.013435,0.013435364,67.13046,0.13046265,66.984184,-0.015815735,67.24347,0.24346924,67.164734,0.16473389,67.197,0.1969986,67.34244,0.34243774,67.37232,0.37232208,67.24083,0.24082947,67.32468,0.3246765,6.049323,low
33,2026-02-06 08:10:37.091844,2012-06-27 21:55:00,57.875,57.928936,0.053936005,58.116356,0.2413559,58.275414,0.4004135,58.9033,1.0283012,59.08686,1.2118607,58.946823,1.0718231,59.75184,1.8768387,60.054607,2.1796074,59.83396,1.9589615,60.141502,2.2665024,60.4968,2.6217995,60.352966,2.4779663,4.9995317,medium
34,2026-02-06 08:10:37.091844,2012-06-27 21:55:00,69.0,68.96021,-0.039787292,68.963806,-0.036193848,69.22812,0.2281189,69.27531,0.2753067,69.51381,0.5138092,69.41454,0.41454315,69.65727,0.65727234,69.9846,0.98459625,69.79513,0.79512787,69.85264,0.85263824,69.81882,0.81881714,70.048195,1.0481949,4.901095,medium
35,2026-02-06 08:10:37.091844,2012-06-27 21:55:00,61.5,61.399017,-0.100982666,61.322327,-0.17767334,61.04263,-0.45737076,61.195366,-0.3046341,61.18559,-0.31441116,60.86355,-0.6364517,61.008934,-0.49106598,60.784855,-0.7151451,60.92705,-0.57294846,60.801735,-0.6982651,61.004787,-0.49521255,61.06987,-0.43013,4.376106,high
36,2026-02-06 08:10:37.091844,2012-06-27 21:55:00,68.875,68.860085,-0.014915466,68.73759,-0.13741302,68.788734,-0.086265564,68.846725,-0.028274536,68.85832,-0.016677856,68.84843,-0.026573181,68.81865,-0.056350708,68.86143,-0.013572693,68.80639,-0.068611145,68.90089,0.025886536,68.71677,-0.15823364,68.713394,-0.16160583,5.7716403,low
37,2026-02-06 08:10:37.091844,2012-06-27 21:55:00,67.75,67.6367,-0.11329651,67.4725,-0.27749634,67.54153,-0.2084732,67.445244,-0.30475616,67.36267,-0.3873291,67.427414,-0.32258606,67.2178,-0.5322037,67.09836,-0.65164185,67.14531,-0.60469055,67.050476,-0.6995239,67.24512,-0.5048828,67.20012,-0.549881,4.7608514,medium
38,2026-02-06 08:10:37.091844,2012-06-27 21:55:00,58.5,58.634624,0.13462448,58.837894,0.33789444,58.5318,0.031799316,58.65827,0.15827179,59.233078,0.733078,58.966476,0.46647644,59.02412,0.52412033,59.36768,0.8676796,59.723137,1.2231369,59.63298,1.1329803,59.88643,1.3864288,60.389458,1.8894577,8.724074,low
39,2026-02-06 08:10:37.091844,2012-06-27 21:55:00,59.25,59.29496,0.044960022,59.33378,0.08377838,59.419865,0.16986465,59.44206,0.19205856,59.19319,-0.05680847,59.719788,0.4697876,59.94959,0.6995888,59.702896,0.45289612,59.62863,0.3786316,60.00675,0.7567482,59.534645,0.28464508,60.14145,0.891449,4.452014,high
40,2026-02-06 08:10:37.091844,2012-06-27 21:55:00,67.5,67.44664,-0.053359985,67.61347,0.113471985,67.50813,0.008132935,67.46594,-0.034057617,67.4488,-0.051200867,67.44622,-0.053779602,67.62637,0.12637329,67.65871,0.15870667,67.451004,-0.04899597,67.37093,-0.12906647,67.21788,-0.28211975,67.444046,-0.05595398,4.78455,medium
41,2026-02-06 08:10:37.091844,2012-06-27 21:55:00,63.0,63.090694,0.09069443,63.15052,0.15052032,63.221382,0.22138214,63.232388,0.23238754,63.157906,0.15790558,63.33233,0.3323288,63.397514,0.39751434,63.71139,0.71139145,63.359306,0.35930634,63.408432,0.408432,63.734596,0.73459625,63.643913,0.64391327,5.5256658,medium
42,2026-02-06 08:10:37.091844,2012-06-27 21:55:00,68.125,68.21049,0.085487366,68.14408,0.019081116,68.118904,-0.006095886,67.97051,-0.15448761,67.97378,-0.15122223,68.03964,-0.085357666,67.80964,-0.31536102,67.85752,-0.26747894,67.6567,-0.46829987,67.65204,-0.47296143,67.91207,-0.21292877,67.53987,-0.5851288,5.788369,low
43,2026-02-06 08:10:37.091844,2012-06-27 21:55:00,65.375,65.576645,0.2016449,65.5764,0.20140076,65.361,-0.013999939,65.296715,-0.07828522,65.4481,0.07309723,65.3736,-0.0014038086,65.28153,-0.09346771,65.1463,-0.22869873,65.45256,0.077560425,65.50447,0.12947083,65.1412,-0.2338028,65.4591,0.084098816,6.2609406,low
44,2026-02-06 08:10:37.091844,2012-06-27 21:55:00,67.375,67.41617,0.041168213,67.3657,-0.009300232,67.35666,-0.018341064,67.36477,-0.010231018,67.31193,-0.063072205,67.41008,0.035079956,67.310295,-0.064704895,67.338875,-0.036125183,67.33492,-0.04007721,67.29145,-0.0835495,67.24533,-0.12966919,67.15897,-0.2160263,3.6659832,high
45,2026-02-06 08:10:37.091844,2012-06-27 21:55:00,68.5,68.45748,-0.042518616,68.39229,-0.10771179,68.415855,-0.08414459,68.46869,-0.031311035,68.39114,-0.1088562,68.46608,-0.033920288,68.30911,-0.19088745,68.310074,-0.18992615,68.28235,-0.21765137,68.39208,-0.107917786,68.22559,-0.27440643,68.23112,-0.26888275,3.8855627,high
46,2026-02-06 08:10:37.091844,2012-06-27 21:55:00,64.125,64.15765,0.03265381,64.15069,0.025688171,63.975727,-0.14927292,64.12462,-0.00038146973,64.10455,-0.020446777,64.02692,-0.098083496,64.10283,-0.02217102,64.17828,0.05328369,64.25212,0.12712097,64.05157,-0.07343292,64.21004,0.08503723,64.124664,-0.00033569336,4.579018,high
47,2026-02-06 08:10:37.091844,2012-06-27 21:55:00,66.125,66.30968,0.18467712,66.351364,0.22636414,66.501884,0.37688446,66.48425,0.35925293,66.12138,-0.003616333,66.5155,0.39050293,66.9236,0.79859924,66.531845,0.4068451,66.71821,0.5932083,66.41325,0.28825378,66.82932,0.7043228,66.68694,0.56194305,6.601984,low
48,2026-02-06 08:10:37.091844,2012-06-27 21:55:00,54.125,54.15648,0.03147888,54.3434,0.21839905,54.03929,-0.08570862,54.38949,0.26448822,54.278572,0.15357208,54.407337,0.2823372,54.54347,0.41846848,54.774323,0.6493225,54.60994,0.48493958,54.75262,0.6276207,55.35541,1.2304115,54.973118,0.8481178,5.7554073,low
49,2026-02-06 08:10:37.091844,2012-06-27 21:55:00,59.125,59.05981,-0.06518936,58.97764,-0.14736176,58.853745,-0.2712555,59.17164,0.04663849,58.846256,-0.27874374,59.16853,0.04352951,59.033012,-0.09198761,59.125935,0.00093460083,59.166416,0.04141617,59.00167,-0.12332916,59.021618,-0.10338211,58.9428,-0.18220139,5.293917,medium
50,2026-02-06 08:10:37.091844,2012-06-27 21:55:00,56.625,56.50747,-0.11753082,56.718292,0.09329224,56.40153,-0.22346878,56.456543,-0.16845703,56.16104,-0.46395874,56.233982,-0.3910179,56.057354,-0.567646,56.078037,-0.54696274,55.85463,-0.7703705,55.96886,-0.6561394,56.04648,-0.5785217,55.57015,-1.0548515,4.383227,high
51,2026-02-06 08:10:37.091844,2012-06-27 21:55:00,38.375,38.23016,-0.14484024,38.540154,0.1651535,38.43603,0.06103134,38.474815,0.09981537,38.12078,-0.25421906,38.45804,0.08303833,38.743977,0.3689766,38.402996,0.027996063,38.33241,-0.042591095,38.225582,-0.14941788,38.486973,0.11197281,38.069664,-0.305336,7.123031,low
52,2026-02-06 08:10:37.091844,2012-06-27 21:55:00,68.75,68.86699,0.116989136,68.73183,-0.018173218,68.74678,-0.0032196045,68.71414,-0.035858154,69.05687,0.3068695,68.92266,0.17266083,68.90661,0.15660858,69.041504,0.2915039,69.31882,0.56881714,69.12723,0.37722778,69.33936,0.5893631,69.38504,0.6350403,6.463914,low
53,2026-02-06 08:10:37.091844,2012-06-27 21:55:00,64.5,64.52135,0.021347046,64.63928,0.13928223,64.43455,-0.065452576,64.64939,0.14939117,64.49103,-0.008972168,64.38744,-0.11255646,64.606735,0.10673523,64.35746,-0.14253998,64.72114,0.221138,64.259514,-0.24048615,64.30985,-0.1901474,64.4101,-0.089897156,5.3008256,medium
54,2026-02-06 08:10:37.091844,2012-06-27 21:55:00,61.25,61.149025,-0.10097504,61.109497,-0.14050293,60.8253,-0.4247017,60.770107,-0.47989273,60.997936,-0.25206375,60.72009,-0.52991104,60.890835,-0.3591652,60.932476,-0.31752396,60.79084,-0.45915985,60.829414,-0.42058563,60.68387,-0.5661316,61.266193,0.01619339,5.105028,medium
55,2026-02-06 08:10:37.091844,2012-06-27 21:55:00,62.125,62.13631,0.011310577,62.172062,0.04706192,62.015736,-0.109264374,62.146515,0.021514893,62.079876,-0.045124054,62.235283,0.1102829,62.124626,-0.00037384033,62.116676,-0.008323669,62.13683,0.011829376,62.229614,0.10461426,62.062927,-0.062072754,62.50491,0.37990952,4.1588926,high
56,2026-02-06 08:10:37.091844,2012-06-27 21:55:00,41.25,41.441547,0.1915474,41.719604,0.4696045,41.242424,-0.007575989,41.64617,0.39617157,41.63141,0.3814087,41.59887,0.34886932,42.021667,0.7716675,41.82574,0.5757408,42.295765,1.0457649,42.14135,0.8913498,42.498764,1.248764,42.375446,1.1254463,5.59871,medium
57,2026-02-06 08:10:37.091844,2012-06-27 21:55:00,58.0,58.122585,0.1225853,58.491867,0.49186707,58.15147,0.15147018,58.62451,0.6245117,58.66233,0.6623306,58.944523,0.94452286,58.942486,0.9424858,58.984425,0.9844246,59.165977,1.1659775,58.99406,0.9940605,59.00527,1.0052681,58.928467,0.9284668,4.1182747,high
58,2026-02-06 08:10:37.091844,2012-06-27 21:55:00,67.0,67.08763,0.087631226,67.18705,0.18704987,67.05151,0.051513672,67.22953,0.22953033,67.20301,0.20301056,67.227005,0.227005,67.231544,0.2315445,67.19533,0.19532776,66.946686,-0.05331421,67.1981,0.19809723,67.040764,0.040763855,67.323074,0.32307434,5.694604,medium
59,2026-02-06 08:10:37.091844,2012-06-27 21:55:00,61.0,60.705746,-0.2942543,61.04754,0.047538757,60.743816,-0.25618362,60.772648,-0.22735214,61.05981,0.05981064,61.03298,0.032981873,60.86859,-0.13140869,61.101208,0.10120773,61.15765,0.15765,60.944603,-0.055397034,60.967663,-0.03233719,61.03232,0.032318115,4.519808,high
60,2026-02-06 08:10:37.091844,2012-06-27 21:55:00,63.75,63.773575,0.02357483,64.11175,0.36174774,63.772472,0.022472382,63.949142,0.19914246,63.997063,0.24706268,64.162994,0.41299438,64.378006,0.628006,64.30184,0.55184174,64.54139,0.79138947,64.19714,0.44714355,64.476364,0.72636414,64.42836,0.67836,5.5832586,medium
61,2026-02-06 08:10:37.091844,2012-06-27 21:55:00,50.375,50.12928,-0.24571991,50.219383,-0.15561676,49.945683,-0.42931747,50.51539,0.14038849,50.136486,-0.23851395,50.427956,0.052955627,50.775005,0.40000534,50.59856,0.22356033,50.130917,-0.2440834,50.21611,-0.15888977,49.886337,-0.48866272,50.178688,-0.19631195,8.273061,low
62,2026-02-06 08:10:37.091844,2012-06-27 21:55:00,67.125,67.303795,0.17879486,66.94796,-0.1770401,67.15926,0.03426361,67.122055,-0.0029449463,67.13761,0.012611389,67.17187,0.04686737,67.2063,0.08129883,66.99151,-0.13349152,67.31476,0.1897583,67.512215,0.38721466,67.03295,-0.092048645,67.21153,0.08653259,9.285354,low
63,2026-02-06 08:10:37.091844,2012-06-27 21:55:00,67.375,67.46425,0.08924866,67.39181,0.016807556,67.703224,0.32822418,67.974625,0.59962463,68.05014,0.6751404,67.799164,0.42416382,67.69319,0.31819153,68.08589,0.7108917,67.968605,0.59360504,68.02164,0.64663696,67.81484,0.43984222,68.00027,0.625267,5.8621273,low
64,2026-02-06 08:10:37.091844,2012-06-27 21:55:00,64.625,64.77927,0.15426636,64.45995,-0.16504669,64.59014,-0.034858704,64.55942,-0.065582275,64.48037,-0.14463043,64.61994,-0.0050582886,64.77953,0.15453339,64.83564,0.21063995,64.66913,0.044128418,64.615845,-0.009155273,64.708496,0.083496094,64.556984,-0.06801605,4.2682614,high
65,2026-02-06 08:10:37.091844,2012-06-27 21:55:00,64.0,63.946274,-0.053726196,64.25998,0.25997925,64.27214,0.2721405,64.065994,0.06599426,64.237274,0.23727417,64.436966,0.43696594,64.78646,0.7864609,64.69138,0.69138336,64.78924,0.789238,64.80123,0.8012314,64.98641,0.98641205,64.781815,0.7818146,5.1413307,medium
66,2026-02-06 08:10:37.091844,2012-06-27 21:55:00,65.75,65.88001,0.13001251,65.59748,-0.15251923,65.658875,-0.09112549,65.87626,0.12625885,65.74935,-0.00064849854,65.75006,6.1035156e-05,65.66603,-0.083969116,65.73273,-0.01727295,65.61571,-0.1342926,65.816376,0.06637573,65.59812,-0.15187836,65.65655,-0.09345245,4.577775,high
67,2026-02-06 08:10:37.091844,2012-06-27 21:55:00,69.125,69.16508,0.04007721,68.98348,-0.14151764,69.03842,-0.08657837,69.016205,-0.108795166,69.24851,0.12351227,69.01425,-0.11074829,68.86202,-0.2629776,69.113014,-0.011985779,69.066154,-0.05884552,68.7974,-0.32759857,68.753204,-0.37179565,68.89805,-0.2269516,4.6390185,high
68,2026-02-06 08:10:37.091844,2012-06-27 21:55:00,68.0,68.088806,0.08880615,67.92931,-0.07068634,67.76959,-0.23040771,67.940704,-0.059295654,67.93419,-0.06581116,68.116196,0.11619568,68.22575,0.22575378,67.827034,-0.172966,67.93231,-0.06768799,67.85359,-0.14640808,68.03817,0.03816986,68.066696,0.06669617,4.716927,high
69,2026-02-06 08:10:37.091844,2012-06-27 21:55:00,67.625,67.887505,0.26250458,67.53268,-0.0923233,67.37258,-0.25241852,67.84694,0.22193909,67.66432,0.0393219,68.054955,0.42995453,67.78561,0.16060638,67.86717,0.24217224,67.72253,0.09752655,67.64967,0.024673462,67.8929,0.26789856,67.585686,-0.03931427,6.5678844,low
70,2026-02-06 08:10:37.091844,2012-06-27 21:55:00,62.625,62.602085,-0.022914886,62.456593,-0.16840744,62.522003,-0.102996826,62.333607,-0.29139328,62.554348,-0.07065201,62.542786,-0.082214355,62.811543,0.18654251,62.6855,0.0605011,62.319218,-0.30578232,62.63599,0.010990143,62.703896,0.07889557,62.42869,-0.19630814,3.7670047,high
71,2026-02-06 08:10:37.091844,2012-06-27 21:55:00,64.375,64.48833,0.11332703,64.44365,0.06864929,64.44101,0.06600952,64.464584,0.08958435,64.832054,0.45705414,64.49717,0.122169495,64.92222,0.5472183,65.015755,0.6407547,64.73744,0.36244202,64.9867,0.61170197,64.76617,0.3911667,64.86341,0.48841095,3.195709,high
72,2026-02-06 08:10:37.091844,2012-06-27 21:55:00,52.75,52.98048,0.2304802,52.81114,0.061138153,52.48937,-0.26063156,52.785717,0.03571701,52.851837,0.10183716,53.43365,0.683651,52.962784,0.21278381,53.394974,0.64497375,53.288273,0.53827286,52.981186,0.23118591,53.20337,0.45336914,53.14495,0.39495087,7.115798,low
73,2026-02-06 08:10:37.091844,2012-06-27 21:55:00,64.25,64.309746,0.05974579,64.455864,0.20586395,64.202774,-0.047225952,64.38919,0.13919067,64.44569,0.19568634,64.10353,-0.14646912,64.15854,-0.09146118,64.25882,0.00881958,64.62828,0.37828064,64.541695,0.29169464,64.19225,-0.057746887,64.41043,0.16043091,6.4530487,low
74,2026-02-06 08:10:37.091844,2012-06-27 21:55:00,68.625,68.53636,-0.088638306,68.919334,0.2943344,68.716835,0.09183502,68.61198,-0.013023376,68.58986,-0.03514099,68.74029,0.11528778,68.67163,0.04663086,68.65821,0.033210754,68.69243,0.06742859,68.989395,0.36439514,68.76437,0.13937378,68.546974,-0.07802582,4.327759,high
75,2026-02-06 08:10:37.091844,2012-06-27 21:55:00,55.25,55.322853,0.07285309,55.20829,-0.0417099,55.49617,0.24617004,55.49782,0.24782181,55.621407,0.37140656,55.480522,0.23052216,55.686882,0.43688202,55.53855,0.28855133,55.633705,0.38370514,55.233593,-0.016407013,55.478363,0.22836304,55.619392,0.3693924,5.457714,medium
76,2026-02-06 08:10:37.091844,2012-06-27 21:55:00,59.5,59.37528,-0.12472153,59.787827,0.28782654,59.900707,0.40070724,59.556103,0.056102753,59.525135,0.02513504,59.758263,0.25826263,59.95064,0.45064163,60.03283,0.5328293,59.829926,0.32992554,60.148766,0.64876556,60.28769,0.7876892,59.936176,0.4361763,6.782653,low
77,2026-02-06 08:10:37.091844,2012-06-27 21:55:00,62.75,62.596756,-0.15324402,62.662643,-0.08735657,62.784603,0.03460312,62.50099,-0.24900818,62.74068,-0.009319305,62.491047,-0.2589531,62.647625,-0.10237503,62.53808,-0.21192169,62.53445,-0.21554947,62.56991,-0.18009186,62.3704,-0.37960052,62.65777,-0.09223175,7.6050606,low
78,2026-02-06 08:10:37.091844,2012-06-27 21:55:00,66.875,66.94538,0.070381165,66.72812,-0.1468811,66.71379,-0.1612091,66.62026,-0.25473785,66.802155,-0.07284546,67.01692,0.141922,66.84438,-0.03061676,66.84237,-0.03263092,66.70605,-0.16895294,67.03191,0.15691376,66.96901,0.0940094,66.97198,0.096977234,4.8086514,medium
79,2026-02-06 08:10:37.091844,2012-06-27 21:55:00,68.5,68.39641,-0.10359192,68.53111,0.03111267,68.610954,0.110954285,68.4057,-0.09429932,68.38806,-0.11193848,68.43525,-0.06475067,68.34648,-0.15351868,68.12691,-0.37309265,68.55539,0.055389404,68.52806,0.028060913,68.28099,-0.2190094,68.34233,-0.15766907,4.3595304,high
80,2026-02-06 08:10:37.091844,2012-06-27 21:55:00,64.75,65.05079,0.30078888,64.938034,0.18803406,64.94967,0.19966888,65.12729,0.37728882,65.16206,0.4120636,65.4554,0.70539856,65.54546,0.79546356,65.65495,0.904953,65.92084,1.1708374,65.87097,1.1209717,65.969864,1.2198639,66.06944,1.3194427,5.528082,medium
81,2026-02-06 08:10:37.091844,2012-06-27 21:55:00,63.625,64.00892,0.38391876,63.85972,0.23471832,64.22242,0.59741974,64.30266,0.6776581,64.25459,0.6295929,64.38437,0.7593689,64.40836,0.78336334,64.52593,0.9009323,64.795044,1.170044,64.47228,0.8472824,64.591095,0.966095,64.6675,1.0425034,5.2981467,medium
82,2026-02-06 08:10:37.091844,2012-06-27 21:55:00,64.625,64.64315,0.01815033,64.56521,-0.059791565,64.878914,0.25391388,64.76668,0.14167786,64.52236,-0.102638245,64.66447,0.039466858,64.94657,0.32157135,64.45569,-0.16931152,64.61984,-0.0051574707,64.743744,0.1187439,64.385216,-0.23978424,64.52516,-0.09983826,5.425663,medium
83,2026-02-06 08:10:37.091844,2012-06-27 21:55:00,65.625,65.52905,-0.095947266,65.40142,-0.2235794,65.50589,-0.11911011,65.46231,-0.16268921,65.55274,-0.072257996,65.549934,-0.07506561,65.6287,0.0037002563,65.647255,0.022254944,65.605194,-0.019805908,65.70413,0.07913208,65.48985,-0.1351471,65.63739,0.012390137,5.8936787,low
84,2026-02-06 08:10:37.091844,2012-06-27 21:55:00,60.875,60.515392,-0.3596077,60.96521,0.09020996,61.095123,0.22012329,60.772198,-0.10280228,60.975735,0.10073471,60.884598,0.009597778,61.239178,0.3641777,61.141125,0.26612473,61.201714,0.32671356,61.033447,0.15844727,61.19603,0.32102966,61.10429,0.22929001,5.40842,medium
85,2026-02-06 08:10:37.091844,2012-06-27 21:55:00,69.0,69.08848,0.08847809,68.91088,-0.08911896,68.868256,-0.13174438,68.93251,-0.067489624,68.93754,-0.062461853,69.05661,0.056610107,68.85933,-0.14067078,68.99841,-0.0015869141,68.89433,-0.105667114,68.930466,-0.0695343,68.72481,-0.27519226,68.71234,-0.2876587,3.872056,high
86,2026-02-06 08:10:37.091844,2012-06-27 21:55:00,65.5,65.649,0.14900208,65.57682,0.07682037,65.467354,-0.03264618,65.26677,-0.23323059,65.68786,0.18785858,65.58842,0.08841705,65.96233,0.46233368,65.98271,0.4827118,65.76611,0.26611328,65.71973,0.21972656,65.96534,0.46533966,65.91344,0.4134369,5.8993864,low
87,2026-02-06 08:10:37.091844,2012-06-27 21:55:00,68.375,68.13408,-0.24092102,68.30373,-0.0712738,68.55607,0.18106842,68.54651,0.17150879,68.372696,-0.0023040771,68.29599,-0.07901001,68.517944,0.14294434,68.4973,0.122299194,68.396454,0.021453857,68.56576,0.19075775,68.48746,0.112457275,68.5383,0.16329956,6.5709352,low
88,2026-02-06 08:10:37.091844,2012-06-27 21:55:00,65.625,65.43763,-0.1873703,65.69308,0.06807709,65.577736,-0.0472641,65.56307,-0.061927795,65.53314,-0.09185791,65.504295,-0.12070465,65.71912,0.09411621,65.62398,-0.0010223389,65.35527,-0.2697296,65.354614,-0.27038574,65.40953,-0.21546936,65.419785,-0.20521545,4.826218,medium
89,2026-02-06 08:10:37.091844,2012-06-27 21:55:00,66.0,66.17217,0.17217255,65.939835,-0.060165405,65.98876,-0.011238098,66.132,0.13200378,66.0787,0.078697205,66.46998,0.46997833,66.566124,0.56612396,66.53885,0.5388489,66.608025,0.6080246,66.82677,0.82676697,66.81894,0.8189392,66.77611,0.7761078,4.371002,high
90,2026-02-06 08:10:37.091844,2012-06-27 21:55:00,68.125,68.19651,0.071510315,68.040276,-0.084724426,67.86084,-0.26416016,68.01407,-0.1109314,68.0399,-0.08509827,68.127266,0.0022659302,68.00099,-0.12400818,68.117035,-0.007965088,67.86294,-0.26206207,68.04516,-0.079841614,68.117256,-0.0077438354,67.9436,-0.18139648,4.4108953,high
91,2026-02-06 08:10:37.091844,2012-06-27 21:55:00,50.75,50.809605,0.059604645,51.302696,0.5526962,50.88411,0.1341095,51.12372,0.37371826,51.39263,0.64263153,51.623623,0.8736229,51.86957,1.1195717,51.905556,1.1555557,52.199593,1.4495926,51.853977,1.1039772,52.176414,1.4264145,52.250843,1.500843,4.842024,medium
92,2026-02-06 08:10:37.091844,2012-06-27 21:55:00,68.75,68.649315,-0.10068512,68.67904,-0.070961,68.57665,-0.17334747,68.66236,-0.087638855,68.80892,0.058921814,68.72888,-0.021118164,68.710335,-0.039665222,68.72528,-0.024719238,68.8419,0.09190369,68.65049,-0.09951019,68.65178,-0.098220825,68.80979,0.059791565,4.0273166,high
93,2026-02-06 08:10:37.091844,2012-06-27 21:55:00,61.75,61.9691,0.21910095,61.931965,0.18196487,62.23962,0.4896202,62.296722,0.5467224,62.49336,0.7433586,62.51285,0.7628517,62.941536,1.191536,63.07592,1.3259201,63.347527,1.5975266,63.743305,1.9933052,63.61698,1.8669815,63.720314,1.970314,4.804906,medium
94,2026-02-06 08:10:37.091844,2012-06-27 21:55:00,64.75,64.7458,-0.0042037964,64.73387,-0.01612854,64.82559,0.07559204,65.07043,0.32042694,65.09654,0.34654236,65.2055,0.45549774,64.90107,0.15106964,65.3199,0.5699005,65.223656,0.4736557,65.41002,0.6600189,65.67899,0.9289932,65.54886,0.79885864,4.297871,high
95,2026-02-06 08:10:37.091844,2012-06-27 21:55:00,60.875,60.585236,-0.2897644,60.66532,-0.20967865,60.688126,-0.18687439,60.73134,-0.1436615,60.775913,-0.09908676,60.990948,0.11594772,60.80165,-0.073349,60.793823,-0.08117676,60.6676,-0.20740128,60.473976,-0.40102386,60.5162,-0.35879898,60.751114,-0.12388611,6.571212,low
96,2026-02-06 08:10:37.091844,2012-06-27 21:55:00,69.125,69.150375,0.025375366,69.22053,0.09552765,69.20099,0.07598877,69.2948,0.1697998,69.26313,0.13813019,69.3854,0.26039886,69.3985,0.27349854,69.50364,0.37863922,69.53016,0.405159,69.58501,0.4600067,69.721405,0.596405,69.71271,0.5877075,8.063925,low
97,2026-02-06 08:10:37.091844,2012-06-27 21:55:00,67.5,67.462204,-0.03779602,67.418465,-0.08153534,67.47929,-0.020713806,67.25163,-0.24836731,67.59503,0.09503174,67.515495,0.0154953,67.9253,0.4253006,67.46622,-0.03378296,67.48628,-0.013717651,67.49011,-0.009887695,67.35669,-0.14331055,67.587814,0.08781433,4.811258,medium
98,2026-02-06 08:10:37.091844,2012-06-27 21:55:00,58.125,58.230267,0.10526657,57.99739,-0.12760925,57.941254,-0.18374634,58.08585,-0.039150238,58.084454,-0.040546417,58.19728,0.072280884,58.260136,0.13513565,58.159065,0.034065247,58.376785,0.25178528,58.093357,-0.031642914,57.978783,-0.14621735,58.4206,0.2956009,4.872346,medium
99,2026-02-06 08:10:37.091844,2012-06-27 21:55:00,67.875,67.9483,0.07330322,67.86411,-0.010887146,67.81859,-0.056411743,67.87375,-0.0012512207,67.86549,-0.009506226,67.963806,0.08880615,67.867905,-0.007095337,67.85764,-0.017356873,67.72938,-0.14562225,67.955475,0.08047485,67.80363,-0.071372986,67.8071,-0.06790161,3.3884122,high
100,2026-02-06 08:10:37.091844,2012-06-27 21:55:00,64.5,64.628006,0.12800598,64.51356,0.013557434,64.33201,-0.16799164,64.498886,-0.0011138916,64.60917,0.10916901,64.46807,-0.031929016,64.979126,0.47912598,64.56839,0.06838989,64.85697,0.35697174,64.88605,0.38604736,65.04283,0.5428314,64.96801,0.46800995,7.0678525,low
101,2026-02-06 08:10:37.091844,2012-06-27 21:55:00,64.375,64.25874,-0.116256714,64.38461,0.009613037,64.24296,-0.13204193,64.46381,0.08881378,64.40234,0.02734375,64.36056,-0.014442444,64.32009,-0.054908752,64.21791,-0.15708923,64.31287,-0.06213379,64.39618,0.0211792,64.58627,0.2112732,64.69665,0.32164764,5.6837482,medium
102,2026-02-06 08:10:37.091844,2012-06-27 21:55:00,60.625,60.848988,0.22398758,60.70411,0.07910919,60.673756,0.048755646,60.451912,-0.17308807,60.376064,-0.2489357,60.76418,0.13917923,60.794754,0.16975403,61.024113,0.3991127,60.865463,0.24046326,61.07906,0.4540596,60.954014,0.32901382,60.55986,-0.06513977,4.8294787,medium
103,2026-02-06 08:10:37.091844,2012-06-27 21:55:00,65.875,65.68914,-0.18585968,65.8337,-0.041297913,65.84601,-0.0289917,65.96681,0.091812134,65.784706,-0.090293884,65.74759,-0.12741089,65.94537,0.070373535,65.99801,0.12300873,65.78082,-0.094177246,65.76311,-0.1118927,65.739,-0.13600159,65.512634,-0.36236572,5.130015,medium
104,2026-02-06 08:10:37.091844,2012-06-27 21:55:00,64.875,65.03093,0.15592957,64.88403,0.009033203,65.011734,0.13673401,65.168175,0.29317474,65.05091,0.17591095,65.28139,0.40638733,65.54702,0.67201996,65.42825,0.5532532,65.75511,0.8801117,65.55788,0.6828766,66.045654,1.1706543,65.92296,1.0479584,4.834358,medium
105,2026-02-06 08:10:37.091844,2012-06-27 21:55:00,67.875,67.886604,0.011604309,67.9536,0.07859802,68.0376,0.16259766,67.90481,0.029808044,67.94729,0.07228851,67.96257,0.08757019,67.96443,0.08943176,67.99826,0.1232605,67.949455,0.07445526,67.989525,0.11452484,67.954445,0.079444885,67.944,0.069000244,4.7897606,medium
106,2026-02-06 08:10:37.091844,2012-06-27 21:55:00,63.375,63.427856,0.052856445,63.491135,0.11613464,63.40008,0.025081635,63.37654,0.0015411377,63.381245,0.0062446594,63.60048,0.22547913,63.44591,0.07091141,63.518326,0.1433258,63.44588,0.07088089,63.54293,0.1679306,63.4885,0.11349869,63.62115,0.24615097,5.3364635,medium
107,2026-02-06 08:10:37.091844,2012-06-27 21:55:00,69.25,69.26112,0.011123657,69.37072,0.12071991,69.25378,0.0037765503,69.24146,-0.0085372925,69.232155,-0.017845154,69.20445,-0.045547485,69.251495,0.0014953613,69.14537,-0.10462952,69.20583,-0.044166565,69.24518,-0.0048217773,69.35856,0.108558655,69.1948,-0.05519867,3.4343598,high
108,2026-02-06 08:10:37.091844,2012-06-27 21:55:00,69.0,68.987335,-0.012664795,68.87935,-0.120651245,68.94309,-0.056907654,68.93421,-0.06578827,68.79998,-0.20001984,68.87447,-0.12552643,68.91937,-0.08062744,68.8782,-0.12180328,68.82575,-0.17424774,68.825,-0.17500305,68.88152,-0.11847687,68.80037,-0.19963074,4.442447,high
109,2026-02-06 08:10:37.091844,2012-06-27 21:55:00,57.25,57.150265,-0.09973526,57.213654,-0.036346436,57.48808,0.23807907,57.398098,0.14809799,57.683975,0.43397522,57.46537,0.21537018,57.50282,0.25281906,57.60025,0.35025024,57.33033,0.080329895,57.4834,0.23339844,57.62123,0.37123108,57.163406,-0.08659363,4.62916,high
110,2026-02-06 08:10:37.091844,2012-06-27 21:55:00,68.0,67.90337,-0.09662628,68.03073,0.030731201,67.93138,-0.068618774,68.15245,0.15245056,68.12503,0.12503052,67.90766,-0.09233856,68.19195,0.19194794,67.96095,-0.03904724,68.1052,0.10520172,68.110855,0.1108551,68.02823,0.02822876,67.876915,-0.12308502,4.202952,high
111,2026-02-06 08:10:37.091844,2012-06-27 21:55:00,69.5,69.40919,-0.09081268,69.33045,-0.16954803,69.07756,-0.42243958,69.07435,-0.42565155,69.101845,-0.3981552,68.85474,-0.6452637,68.99602,-0.50398254,69.4213,-0.078697205,69.00434,-0.49565887,69.31272,-0.18727875,69.24,-0.26000214,69.239876,-0.2601242,5.5373473,medium
112,2026-02-06 08:10:37.091844,2012-06-27 21:55:00,58.25,58.1254,-0.12459946,58.42984,0.17984009,58.65842,0.40842056,58.546787,0.29678726,58.621376,0.37137604,58.52707,0.2770691,58.302002,0.052001953,58.355244,0.10524368,58.31356,0.063560486,58.430954,0.18095398,58.78326,0.53326035,58.53999,0.28998947,5.7943754,low
113,2026-02-06 08:10:37.091844,2012-06-27 21:55:00,64.125,64.43248,0.30747986,64.30798,0.1829834,64.23919,0.11418915,63.99904,-0.1259613,64.1824,0.057403564,64.546616,0.4216156,64.3765,0.251503,64.08932,-0.03568268,64.249886,0.12488556,64.32691,0.20191193,64.40872,0.28372192,64.013466,-0.11153412,6.550942,low
114,2026-02-06 08:10:37.091844,2012-06-27 21:55:00,67.875,67.862015,-0.0129852295,67.79925,-0.07575226,67.84694,-0.028060913,67.67689,-0.19811249,67.77527,-0.099731445,67.8514,-0.023597717,67.86317,-0.011833191,67.94384,0.06884003,67.87066,-0.0043411255,67.798706,-0.076293945,67.8069,-0.068099976,67.78586,-0.089141846,4.691478,high
115,2026-02-06 08:10:37.091844,2012-06-27 21:55:00,67.125,67.09949,-0.025512695,66.994415,-0.13058472,66.84967,-0.2753296,67.02203,-0.10296631,67.064804,-0.060195923,67.00926,-0.115737915,67.00937,-0.1156311,67.02285,-0.10214996,66.96209,-0.16291046,67.07006,-0.05493927,66.898476,-0.22652435,66.94125,-0.18374634,5.0607915,medium
116,2026-02-06 08:10:37.091844,2012-06-27 21:55:00,67.75,67.69545,-0.05455017,67.64077,-0.10923004,67.45606,-0.29393768,68.02202,0.27201843,67.65899,-0.09101105,67.423935,-0.32606506,67.72563,-0.024368286,67.69533,-0.05467224,67.876175,0.12617493,68.04904,0.29904175,67.65595,-0.09404755,67.64719,-0.10281372,5.6882586,medium
117,2026-02-06 08:10:37.091844,2012-06-27 21:55:00,67.0,66.91614,-0.083862305,66.78682,-0.21318054,67.24198,0.2419815,66.855675,-0.14432526,66.85021,-0.1497879,66.763374,-0.23662567,67.10033,0.10032654,66.8909,-0.10910034,67.03712,0.037117004,66.794586,-0.20541382,66.986595,-0.013404846,66.99246,-0.007537842,5.0919185,medium
118,2026-02-06 08:10:37.091844,2012-06-27 21:55:00,68.125,68.090034,-0.034965515,67.87905,-0.24594879,68.04312,-0.08187866,68.056244,-0.0687561,68.065094,-0.059906006,67.826866,-0.29813385,67.94008,-0.18492126,67.91618,-0.20881653,67.9236,-0.20140076,67.98697,-0.138031,67.833466,-0.29153442,68.106,-0.018997192,4.3028436,high
119,2026-02-06 08:10:37.091844,2012-06-27 21:55:00,67.875,68.17022,0.29521942,68.039406,0.16440582,68.30727,0.43226624,67.95485,0.07984924,68.28796,0.41295624,68.50466,0.62966156,68.34595,0.47094727,68.189384,0.31438446,68.35159,0.47659302,68.08362,0.20861816,68.33191,0.45690918,68.45612,0.58112335,4.471689,high
120,2026-02-06 08:10:37.091844,2012-06-27 21:55:00,62.875,62.769657,-0.105342865,63.042126,0.1671257,62.781,-0.09400177,62.801067,-0.07393265,62.552597,-0.32240295,62.74462,-0.13037872,62.788673,-0.0863266,62.85814,-0.016860962,62.619263,-0.2557373,62.80518,-0.069820404,62.68049,-0.19451141,62.936584,0.061584473,6.8613296,low
121,2026-02-06 08:10:37.091844,2012-06-27 21:55:00,58.0,57.9322,-0.067798615,57.96189,-0.038108826,57.857418,-0.14258194,57.71688,-0.2831192,57.70922,-0.2907791,57.61073,-0.38927078,57.779217,-0.22078323,57.30551,-0.6944885,57.160152,-0.83984756,57.27338,-0.7266197,57.339733,-0.6602669,57.05634,-0.94366074,5.304542,medium
122,2026-02-06 08:10:37.091844,2012-06-27 21:55:00,66.875,66.724556,-0.15044403,66.85494,-0.020057678,66.97956,0.10456085,66.776985,-0.09801483,66.658195,-0.2168045,66.758545,-0.11645508,66.82759,-0.047409058,66.668465,-0.20653534,66.71103,-0.16397095,66.709694,-0.16530609,66.799484,-0.07551575,66.69184,-0.18315887,4.83461,medium
123,2026-02-06 08:10:37.091844,2012-06-27 21:55:00,68.375,68.38441,0.009407043,68.28281,-0.0921936,68.384995,0.009994507,68.424515,0.04951477,68.42947,0.054466248,68.469086,0.09408569,68.41627,0.041267395,68.53556,0.16056061,68.528145,0.15314484,68.72499,0.34999084,68.62084,0.24584198,68.72515,0.35015106,3.6063025,high
124,2026-02-06 08:10:37.091844,2012-06-27 21:55:00,54.125,54.06476,-0.0602417,53.869614,-0.25538635,53.73381,-0.39118958,54.22164,0.09664154,53.91441,-0.21059036,53.7174,-0.4076004,54.070526,-0.054473877,53.857536,-0.26746368,54.01594,-0.10905838,54.016773,-0.108226776,54.10904,-0.015960693,54.14228,0.017280579,6.7281933,low
125,2026-02-06 08:10:37.091844,2012-06-27 21:55:00,59.875,59.771988,-0.103012085,59.69041,-0.18458939,59.97753,0.10253143,60.19692,0.3219185,59.897972,0.022972107,59.874367,-0.00063323975,59.71064,-0.16436005,59.82045,-0.05455017,59.282745,-0.59225464,59.76052,-0.114479065,59.74948,-0.1255188,59.4225,-0.4524994,6.72152,low
126,2026-02-06 08:10:37.091844,2012-06-27 21:55:00,49.375,49.30659,-0.068408966,49.15061,-0.22438812,49.125465,-0.2495346,49.04674,-0.3282585,48.971176,-0.40382385,49.002403,-0.37259674,49.05224,-0.32276154,48.95182,-0.42317963,48.903988,-0.47101212,48.62852,-0.74647903,48.848934,-0.5260658,48.741013,-0.6339874,5.967369,low
127,2026-02-06 08:10:37.091844,2012-06-27 21:55:00,67.25,67.30589,0.055892944,67.58616,0.33615875,67.40752,0.15751648,67.334274,0.08427429,67.604004,0.3540039,67.801575,0.5515747,67.88582,0.6358185,67.95849,0.70848846,67.827,0.5770035,67.751724,0.50172424,68.09287,0.8428726,67.98625,0.73625183,8.829411,low
128,2026-02-06 08:10:37.091844,2012-06-27 21:55:00,66.75,66.77449,0.024490356,66.90633,0.1563263,67.005455,0.25545502,67.17526,0.42526245,67.10622,0.35621643,67.13144,0.3814392,67.25965,0.5096512,67.096275,0.34627533,67.418755,0.6687546,67.4394,0.6893997,67.34935,0.59935,67.880196,1.1301956,4.873232,medium
129,2026-02-06 08:10:37.091844,2012-06-27 21:55:00,60.5,60.53477,0.034770966,60.571434,0.07143402,60.35072,-0.14928055,60.559982,0.0599823,60.56182,0.061820984,60.482323,-0.017677307,60.713696,0.21369553,60.46824,-0.03176117,60.345833,-0.15416718,60.35381,-0.14619064,60.43655,-0.06344986,60.638565,0.13856506,4.7682266,medium
130,2026-02-06 08:10:37.091844,2012-06-27 21:55:00,65.875,65.77945,-0.09555054,65.9908,0.11579895,65.82178,-0.053222656,65.82937,-0.04563141,65.731804,-0.1431961,66.15868,0.28368378,65.79436,-0.0806427,65.78687,-0.088127136,66.4599,0.5848999,66.34758,0.47257996,66.2256,0.3506012,65.90597,0.030967712,6.397994,low
131,2026-02-06 08:10:37.091844,2012-06-27 21:55:00,59.875,59.965935,0.09093475,59.883324,0.008323669,59.974297,0.09929657,60.173584,0.29858398,60.169098,0.2940979,59.811657,-0.06334305,60.52847,0.6534691,60.355232,0.48023224,60.29227,0.41727066,60.484497,0.6094971,60.461987,0.58698654,60.683674,0.80867386,5.689839,medium
132,2026-02-06 08:10:37.091844,2012-06-27 21:55:00,68.125,68.07756,-0.047439575,67.99815,-0.12684631,68.08049,-0.044509888,67.941216,-0.18378448,68.175476,0.050476074,68.20468,0.0796814,68.28404,0.15904236,68.05224,-0.072761536,68.023254,-0.101745605,68.13722,0.01222229,68.13042,0.00541687,67.952385,-0.17261505,4.2333603,high
133,2026-02-06 08:10:37.091844,2012-06-27 21:55:00,62.75,62.662342,-0.08765793,63.00021,0.2502098,62.842026,0.09202576,62.73726,-0.012741089,63.09436,0.34436035,62.87139,0.1213913,62.863216,0.1132164,62.5263,-0.22370148,62.92134,0.17134094,63.078846,0.32884598,62.987785,0.23778534,63.328423,0.57842255,5.6841445,medium
134,2026-02-06 08:10:37.091844,2012-06-27 21:55:00,66.75,66.86966,0.119659424,66.72082,-0.029182434,66.45455,-0.2954483,66.764244,0.01424408,66.59276,-0.15724182,66.54377,-0.20623016,66.20524,-0.54476166,66.529915,-0.22008514,66.45401,-0.29599,66.57533,-0.17466736,66.12579,-0.62420654,66.55794,-0.19206238,6.1388717,low
135,2026-02-06 08:10:37.091844,2012-06-27 21:55:00,61.875,61.724136,-0.15086365,61.978195,0.10319519,61.866714,-0.008285522,61.95877,0.08377075,62.02138,0.14638138,62.274014,0.39901352,62.095707,0.22070694,62.15504,0.28004074,62.25293,0.3779297,62.253376,0.378376,62.417645,0.5426445,62.458447,0.5834465,4.5973787,high
136,2026-02-06 08:10:37.091844,2012-06-27 21:55:00,64.25,64.31977,0.06977081,64.6329,0.38289642,64.76663,0.5166321,65.046684,0.79668427,64.907234,0.6572342,65.40953,1.1595306,65.534485,1.2844849,65.63935,1.3893509,65.84363,1.5936279,65.77614,1.5261383,66.220604,1.970604,66.1739,1.9238968,4.7101545,high
137,2026-02-06 08:10:37.091844,2012-06-27 21:55:00,63.125,63.129944,0.0049438477,63.02607,-0.09893036,63.52697,0.4019699,63.375748,0.25074768,63.603745,0.4787445,63.633896,0.5088959,64.16387,1.0388718,63.69133,0.56632996,64.01246,0.8874588,64.246124,1.1211243,63.961227,0.8362274,63.96286,0.8378601,6.586926,low
138,2026-02-06 08:10:37.091844,2012-06-27 21:55:00,0.0,0.2694626,0.2694626,0.28813553,0.28813553,0.43873215,0.43873215,0.63189316,0.63189316,1.4506721,1.4506721,1.6752777,1.6752777,1.291378,1.291378,1.7884903,1.7884903,1.7862282,1.7862282,1.7228012,1.7228012,2.311985,2.311985,2.8233986,2.8233986,4.7248244,medium
139,2026-02-06 08:10:37.091844,2012-06-27 21:55:00,64.0,63.85518,-0.14482117,64.09288,0.09288025,64.088455,0.0884552,63.864708,-0.13529205,63.94193,-0.058071136,64.277405,0.2774048,64.25769,0.25769043,64.2835,0.28350067,64.530174,0.53017426,64.55687,0.5568695,64.43877,0.43876648,64.56111,0.56111145,7.1325717,low
140,2026-02-06 08:10:37.091844,2012-06-27 21:55:00,62.25,62.02822,-0.22177887,62.364075,0.11407471,62.166756,-0.083244324,62.352325,0.10232544,62.041267,-0.2087326,62.072178,-0.17782211,61.962597,-0.2874031,61.330605,-0.91939545,61.84709,-0.40290833,61.821064,-0.428936,61.902634,-0.34736633,61.746056,-0.5039444,7.845416,low
141,2026-02-06 08:10:37.091844,2012-06-27 21:55:00,68.0,68.066315,0.0663147,68.2301,0.23010254,67.96911,-0.030891418,68.04654,0.046539307,68.43802,0.4380188,68.116974,0.11697388,68.206825,0.20682526,68.260155,0.26015472,68.44563,0.44563293,68.512596,0.51259613,68.31444,0.31443787,68.48278,0.48278046,6.341841,low
142,2026-02-06 08:10:37.091844,2012-06-27 21:55:00,63.75,63.61112,-0.13888168,63.652924,-0.097076416,63.565304,-0.1846962,63.35989,-0.39011002,63.218834,-0.5311661,63.322258,-0.427742,63.44195,-0.30804825,63.500767,-0.24923325,63.271313,-0.4786873,63.29146,-0.45854187,63.009247,-0.7407532,63.399757,-0.3502426,5.5159554,medium
143,2026-02-06 08:10:37.091844,2012-06-27 21:55:00,62.5,62.396862,-0.10313797,62.69538,0.19538116,62.69479,0.19478989,62.59504,0.09503937,62.60674,0.106739044,62.617798,0.11779785,62.67965,0.17964935,62.86573,0.3657303,62.77283,0.27283096,62.720623,0.22062302,62.76435,0.2643509,62.9359,0.43590164,5.4715714,medium
144,2026-02-06 08:10:37.091844,2012-06-27 21:55:00,50.75,50.6254,-0.12459946,51.45153,0.70153046,51.548653,0.79865265,51.853947,1.1039467,52.333416,1.583416,52.335114,1.5851135,51.97017,1.2201691,52.48571,1.7357101,52.52508,1.7750816,53.13894,2.388939,53.444664,2.694664,53.204388,2.4543877,5.759999,low
145,2026-02-06 08:10:37.091844,2012-06-27 21:55:00,70.0,69.868675,-0.13132477,69.91016,-0.08984375,69.7886,-0.2114029,69.773155,-0.22684479,69.81684,-0.18315887,69.72152,-0.27848053,69.45942,-0.54058075,69.45605,-0.54395294,69.4783,-0.521698,69.73452,-0.26548004,69.51588,-0.48412323,69.59239,-0.40760803,5.0365443,medium
146,2026-02-06 08:10:37.091844,2012-06-27 21:55:00,63.25,63.435314,0.18531418,63.342316,0.092315674,63.538948,0.28894806,63.58816,0.33816147,63.49182,0.24182129,63.52448,0.2744789,63.867,0.6170006,63.200516,-0.049484253,63.55406,0.3040619,63.35035,0.100349426,63.36005,0.1100502,63.73954,0.4895401,5.926696,low
147,2026-02-06 08:10:37.091844,2012-06-27 21:55:00,58.875,58.897045,0.022045135,58.91205,0.03704834,58.875706,0.000705719,58.787407,-0.08759308,59.051003,0.1760025,58.981297,0.10629654,59.084564,0.20956421,58.876232,0.0012321472,58.752506,-0.122493744,58.788662,-0.08633804,58.727406,-0.14759445,58.866413,-0.008586884,4.4976974,high
148,2026-02-06 08:10:37.091844,2012-06-27 21:55:00,67.0,67.24357,0.24356842,67.22967,0.22966766,66.90326,-0.09674072,66.93268,-0.06732178,67.202126,0.20212555,67.14846,0.14846039,67.09929,0.09928894,67.35441,0.35440826,67.20366,0.20365906,67.40957,0.4095688,67.387314,0.38731384,67.34868,0.3486786,7.2721853,low
149,2026-02-06 08:10:37.091844,2012-06-27 21:55:00,67.75,67.79959,0.049591064,67.76434,0.014343262,67.88874,0.13874054,67.995056,0.24505615,67.98687,0.23686981,67.79608,0.046081543,68.1894,0.43939972,67.95967,0.20967102,67.83223,0.082229614,68.26014,0.51013947,68.09464,0.34464264,68.45779,0.70778656,5.379833,medium
150,2026-02-06 08:10:37.091844,2012-06-27 21:55:00,66.375,66.29076,-0.084243774,66.546455,0.17145538,66.49191,0.11691284,66.64868,0.27368164,66.61499,0.23999023,66.660866,0.28586578,66.80971,0.43470764,66.59156,0.21656036,66.77585,0.4008484,67.1638,0.7888031,67.36058,0.98558044,66.88337,0.50836945,7.0005937,low
151,2026-02-06 08:10:37.091844,2012-06-27 21:55:00,59.125,59.213707,0.08870697,58.929634,-0.1953659,59.00741,-0.11759186,58.829693,-0.29530716,58.983547,-0.14145279,59.154083,0.029083252,59.388596,0.26359558,58.85309,-0.27191162,59.005165,-0.1198349,59.087444,-0.037555695,58.984417,-0.14058304,58.91764,-0.20735931,5.1512685,medium
152,2026-02-06 08:10:37.091844,2012-06-27 21:55:00,63.375,63.338852,-0.03614807,63.35019,-0.024810791,63.07457,-0.3004303,63.514576,0.13957596,63.11027,-0.26472855,63.328533,-0.046466827,63.196857,-0.17814255,63.25452,-0.120479584,63.307533,-0.067466736,63.21196,-0.16304016,63.266144,-0.1088562,63.30391,-0.0710907,4.0249634,high
153,2026-02-06 08:10:37.091844,2012-06-27 21:55:00,63.75,63.578266,-0.17173386,63.93639,0.18638992,63.539604,-0.21039581,63.49022,-0.25978088,63.484604,-0.26539612,63.786633,0.036632538,63.897003,0.14700317,63.561295,-0.18870544,63.61996,-0.13003922,63.38598,-0.3640213,63.647137,-0.10286331,63.61747,-0.13253021,4.138544,high
154,2026-02-06 08:10:37.091844,2012-06-27 21:55:00,60.25,60.220665,-0.029335022,60.48919,0.23918915,60.38601,0.13600922,60.495358,0.24535751,60.61672,0.3667183,60.886875,0.63687515,60.86531,0.61531067,61.03091,0.7809105,60.909603,0.6596031,61.088196,0.8381958,61.539036,1.2890358,61.568756,1.3187561,4.772278,medium
155,2026-02-06 08:10:37.091844,2012-06-27 21:55:00,62.625,62.679016,0.054016113,62.843765,0.21876526,62.914722,0.28972244,63.10927,0.4842682,63.378838,0.7538376,63.17563,0.55062866,63.786785,1.1617851,63.86709,1.2420883,63.784714,1.1597137,63.763454,1.1384544,64.09144,1.4664383,64.35825,1.7332535,7.4628277,low
156,2026-02-06 08:10:37.091844,2012-06-27 21:55:00,58.5,58.344658,-0.1553421,58.489647,-0.010353088,58.311886,-0.18811417,58.5843,0.084300995,58.154995,-0.34500504,58.501244,0.0012435913,58.53302,0.03302002,58.245342,-0.25465775,58.24594,-0.25405884,58.135826,-0.3641739,58.2497,-0.25030136,58.221725,-0.27827454,3.86341,high
157,2026-02-06 08:10:37.091844,2012-06-27 21:55:00,63.5,63.402008,-0.09799194,63.414986,-0.08501434,63.52855,0.028549194,63.691444,0.1914444,64.01983,0.5198288,64.16466,0.6646576,63.879303,0.37930298,64.195274,0.69527435,64.03947,0.53946686,64.92668,1.4266815,64.50476,1.0047607,64.74667,1.2466736,5.341182,medium
158,2026-02-06 08:10:37.091844,2012-06-27 21:55:00,66.85714,67.115524,0.2583847,67.083084,0.22594452,67.22536,0.36821747,67.36271,0.50556946,67.321846,0.46470642,67.23628,0.37914276,67.73009,0.8729477,67.58216,0.72502136,67.67349,0.81635284,66.96936,0.112220764,67.176636,0.31949615,67.21028,0.35314178,5.9514956,low
159,2026-02-06 08:10:37.091844,2012-06-27 21:55:00,63.5,63.52566,0.025661469,64.13473,0.6347275,64.02762,0.5276184,63.93348,0.4334793,64.23718,0.7371826,64.55582,1.0558167,64.93297,1.4329681,64.92095,1.4209518,64.862015,1.3620148,65.04643,1.5464325,65.255196,1.7551956,65.50285,2.0028534,7.862909,low
160,2026-02-06 08:10:37.091844,2012-06-27 21:55:00,0.0,0.14580917,0.14580917,0.54058075,0.54058075,0.48348618,0.48348618,0.9328079,0.9328079,0.7530632,0.7530632,1.0863876,1.0863876,1.651226,1.651226,1.5994186,1.5994186,1.619812,1.619812,1.8340836,1.8340836,1.7727699,1.7727699,2.235794,2.235794,6.716273,low
161,2026-02-06 08:10:37.091844,2012-06-27 21:55:00,0.0,0.25408936,0.25408936,0.058921814,0.058921814,0.31321335,0.31321335,0.32746124,0.32746124,0.1871109,0.1871109,0.8198471,0.8198471,0.6595535,0.6595535,0.94161224,0.94161224,1.1233749,1.1233749,1.0107269,1.0107269,1.3705597,1.3705597,1.1767159,1.1767159,4.716111,high
162,2026-02-06 08:10:37.091844,2012-06-27 21:55:00,67.375,67.285805,-0.08919525,67.3009,-0.07409668,67.69087,0.3158722,67.7276,0.3526001,67.57525,0.20024872,67.49918,0.124183655,68.03799,0.66298676,67.85483,0.47982788,68.07022,0.69522095,67.99238,0.61737823,67.99159,0.6165924,68.43648,1.0614777,5.130708,medium
163,2026-02-06 08:10:37.091844,2012-06-27 21:55:00,67.375,67.38416,0.009162903,67.56731,0.19230652,67.94445,0.5694504,68.07352,0.69851685,68.0582,0.683197,68.218414,0.8434143,68.25977,0.88477325,68.421585,1.0465851,68.69624,1.3212433,68.78204,1.4070435,68.994644,1.6196442,68.86217,1.4871674,7.653679,low
164,2026-02-06 08:10:37.091844,2012-06-27 21:55:00,63.0,63.081432,0.08143234,63.16901,0.16901016,63.290405,0.29040527,63.310684,0.3106842,63.416492,0.41649246,63.718124,0.7181244,63.633904,0.6339035,63.45319,0.45318985,63.196365,0.19636536,63.523544,0.5235443,63.585823,0.58582306,63.441673,0.44167328,6.2924542,low
165,2026-02-06 08:10:37.091844,2012-06-27 21:55:00,58.125,58.18917,0.06417084,58.57873,0.45373154,58.110588,-0.014411926,58.22226,0.09725952,58.33143,0.20642853,58.128338,0.00333786,58.203136,0.078136444,58.232452,0.10745239,58.22883,0.10382843,58.133717,0.008716583,58.500984,0.3759842,57.87376,-0.25123978,7.83465,low
166,2026-02-06 08:10:37.091844,2012-06-27 21:55:00,0.0,0.24937439,0.24937439,0.06806183,0.06806183,0.15212631,0.15212631,0.38947296,0.38947296,0.58662796,0.58662796,0.9094734,0.9094734,0.87015915,0.87015915,0.89790726,0.89790726,1.0472412,1.0472412,1.3798409,1.3798409,1.1980171,1.1980171,1.6657944,1.6657944,5.799217,low
167,2026-02-06 08:10:37.091844,2012-06-27 21:55:00,67.0,66.88578,-0.114219666,67.02505,0.025047302,67.04957,0.049568176,66.81033,-0.18966675,67.04884,0.048843384,66.8918,-0.10820007,66.98252,-0.017478943,66.96651,-0.033493042,66.96494,-0.035057068,66.97781,-0.02218628,66.916725,-0.08327484,67.05752,0.057518005,3.80259,high
168,2026-02-06 08:10:37.091844,2012-06-27 21:55:00,68.375,68.27562,-0.09938049,68.422134,0.0471344,68.52278,0.14778137,68.49842,0.123420715,68.432106,0.057106018,68.4301,0.055099487,68.40743,0.032432556,68.55237,0.17736816,68.43647,0.06147003,68.39981,0.024810791,68.93287,0.55786896,68.43016,0.055160522,4.544662,high
169,2026-02-06 08:10:37.091844,2012-06-27 21:55:00,68.625,68.49463,-0.1303711,68.57208,-0.05291748,68.52774,-0.09725952,68.39453,-0.23046875,68.868546,0.24354553,68.479614,-0.14538574,68.553,-0.071998596,68.71991,0.09490967,68.63906,0.014060974,68.8874,0.26239777,68.54685,-0.07814789,68.708885,0.08388519,4.4813075,high
170,2026-02-06 08:10:37.091844,2012-06-27 21:55:00,63.625,63.488976,-0.13602448,63.61405,-0.010948181,63.595783,-0.029216766,63.421284,-0.20371628,63.65549,0.030490875,63.530468,-0.09453201,63.83836,0.21335983,63.88024,0.2552414,63.792793,0.16779327,63.53824,-0.086761475,63.354378,-0.27062225,63.432137,-0.19286346,6.063092,low
171,2026-02-06 08:10:37.091844,2012-06-27 21:55:00,67.625,67.53266,-0.09233856,67.467384,-0.15761566,67.641716,0.016716003,67.69309,0.068092346,67.50635,-0.118652344,67.36969,-0.25531006,67.62628,0.0012817383,67.24667,-0.37832642,67.4726,-0.15239716,67.214836,-0.41016388,67.21502,-0.40998077,67.473045,-0.15195465,3.6523442,high
172,2026-02-06 08:10:37.091844,2012-06-27 21:55:00,62.375,62.394455,0.019454956,62.51098,0.1359787,62.682896,0.30789566,62.761402,0.38640213,62.68405,0.3090515,62.91091,0.53591156,62.848946,0.47394562,62.680073,0.30507278,62.91474,0.5397415,62.935505,0.5605049,63.034374,0.65937424,63.087227,0.71222687,6.971625,low
173,2026-02-06 08:10:37.091844,2012-06-27 21:55:00,67.125,66.99625,-0.12875366,66.988174,-0.13682556,66.974304,-0.1506958,66.82728,-0.29772186,67.12364,-0.0013580322,67.20144,0.076438904,67.200615,0.07561493,67.1742,0.049201965,67.03299,-0.0920105,67.08639,-0.038612366,67.00786,-0.11714172,66.90952,-0.21547699,3.5963423,high
174,2026-02-06 08:10:37.091844,2012-06-27 21:55:00,61.0,61.110817,0.110816956,61.192924,0.1929245,60.98642,-0.013580322,60.993732,-0.0062675476,61.15351,0.15351105,61.206215,0.2062149,61.156982,0.15698242,61.09007,0.09006882,61.086975,0.0869751,61.179466,0.17946625,61.203712,0.20371246,60.833862,-0.1661377,6.4972267,low
175,2026-02-06 08:10:37.091844,2012-06-27 21:55:00,67.875,68.076035,0.20103455,67.955925,0.08092499,68.15626,0.28125763,68.068726,0.19372559,68.15403,0.27902985,68.11336,0.23835754,68.11457,0.23957062,68.61754,0.74253845,68.76061,0.8856125,68.52747,0.65247345,68.701096,0.8260956,67.98298,0.10797882,5.752325,medium
176,2026-02-06 08:10:37.091844,2012-06-27 21:55:00,70.0,69.97647,-0.023529053,69.95752,-0.04248047,69.824326,-0.17567444,70.031136,0.03113556,70.06765,0.06764984,69.9004,-0.099601746,69.973976,-0.026023865,69.97415,-0.025848389,70.04626,0.04625702,69.79332,-0.2066803,70.01878,0.01878357,69.83965,-0.16034698,5.0671015,medium
177,2026-02-06 08:10:37.091844,2012-06-27 21:55:00,60.125,60.0696,-0.05540085,60.11843,-0.0065689087,60.04959,-0.075408936,60.227425,0.10242462,60.380272,0.2552719,60.152176,0.027175903,60.173492,0.04849243,60.459885,0.33488464,60.28579,0.16078949,60.42102,0.2960205,60.496235,0.3712349,60.532845,0.40784454,3.695345,high
178,2026-02-06 08:10:37.091844,2012-06-27 21:55:00,66.25,66.25988,0.009880066,66.17272,-0.07727814,65.993576,-0.25642395,66.099594,-0.15040588,66.178925,-0.07107544,66.25761,0.0076065063,66.07693,-0.17307281,66.36427,0.11427307,66.13413,-0.115867615,66.1418,-0.10820007,66.31984,0.06983948,66.03616,-0.21383667,4.1405573,high
179,2026-02-06 08:10:37.091844,2012-06-27 21:55:00,59.0,59.115067,0.11506653,58.849422,-0.15057755,58.79007,-0.20993042,58.689262,-0.3107376,58.912514,-0.08748627,58.554485,-0.44551468,58.773483,-0.22651672,58.710266,-0.2897339,58.801624,-0.1983757,58.656208,-0.34379196,58.468445,-0.5315552,58.58523,-0.41476822,4.2681556,high
180,2026-02-06 08:10:37.091844,2012-06-27 21:55:00,63.625,63.75596,0.13095856,63.85594,0.23094177,63.707066,0.08206558,63.660824,0.035823822,63.557037,-0.06796265,64.02463,0.3996277,64.122345,0.49734497,64.10349,0.47849274,64.16543,0.54042816,64.04876,0.42375946,63.791786,0.1667862,64.02145,0.39644623,6.599794,low
181,2026-02-06 08:10:37.091844,2012-06-27 21:55:00,63.625,63.603447,-0.02155304,63.553963,-0.07103729,63.54442,-0.080581665,63.7726,0.14759827,63.664303,0.039302826,63.925327,0.3003273,63.736015,0.11101532,63.76093,0.13592911,63.736298,0.11129761,63.63993,0.014930725,63.713737,0.08873749,64.057205,0.4322052,6.230789,low
182,2026-02-06 08:10:37.091844,2012-06-27 21:55:00,68.28571,68.2818,-0.0039138794,68.42683,0.14111328,68.29873,0.013015747,68.265305,-0.02040863,68.60925,0.32353973,68.67511,0.38939667,68.68792,0.40220642,69.04113,0.75541687,68.89195,0.6062393,69.042496,0.75678253,68.97677,0.6910553,68.943436,0.6577225,4.823879,medium
183,2026-02-06 08:10:37.091844,2012-06-27 21:55:00,67.875,67.86714,-0.007858276,67.96255,0.0875473,67.73467,-0.14032745,67.69252,-0.18247986,68.00509,0.1300888,67.88718,0.012176514,67.762825,-0.11217499,67.734955,-0.14004517,67.957756,0.08275604,67.881615,0.006614685,67.913086,0.038085938,67.65362,-0.22138214,4.3093586,high
184,2026-02-06 08:10:37.091844,2012-06-27 21:55:00,65.75,65.91623,0.16622925,65.7921,0.042099,65.7381,-0.0119018555,65.77863,0.028633118,65.77075,0.020751953,66.19716,0.4471588,66.01212,0.2621231,65.848175,0.09817505,65.92722,0.1772232,65.92239,0.1723938,65.95695,0.20694733,66.05032,0.3003235,3.8065422,high
185,2026-02-06 08:10:37.091844,2012-06-27 21:55:00,64.25,64.128136,-0.12186432,64.180954,-0.06904602,64.13716,-0.112838745,64.274826,0.02482605,64.18564,-0.06436157,64.26904,0.019042969,63.965576,-0.28442383,64.33995,0.08995056,64.01774,-0.23226166,64.18707,-0.062927246,64.155235,-0.09476471,64.03132,-0.21868134,4.987729,medium
186,2026-02-06 08:10:37.091844,2012-06-27 21:55:00,65.5,65.45517,-0.044830322,65.57197,0.07196808,65.40244,-0.09755707,65.82555,0.32554626,65.77226,0.27226257,66.098656,0.5986557,66.31951,0.8195114,66.47508,0.9750824,66.27442,0.7744217,66.4483,0.9483032,66.47508,0.9750824,66.47851,0.978508,5.2193666,medium
187,2026-02-06 08:10:37.091844,2012-06-27 21:55:00,57.875,57.89904,0.024040222,58.1,0.22499847,58.354233,0.4792328,59.183693,1.3086929,58.917805,1.0428047,59.335854,1.4608536,59.32735,1.4523506,60.301487,2.426487,60.05533,2.1803284,59.983566,2.1085663,60.42821,2.5532112,60.34343,2.4684296,6.948511,low
188,2026-02-06 08:10:37.091844,2012-06-27 21:55:00,66.625,66.81383,0.18882751,66.92502,0.3000183,66.99946,0.3744583,67.292175,0.6671753,67.2723,0.6473007,67.52614,0.9011383,67.82124,1.1962433,67.66378,1.0387802,68.0576,1.4326019,67.684364,1.0593643,68.09373,1.4687271,68.27176,1.646759,5.4831195,medium
189,2026-02-06 08:10:37.091844,2012-06-27 21:55:00,65.25,65.02364,-0.2263565,65.117714,-0.13228607,65.15996,-0.090042114,64.99296,-0.25704193,65.06369,-0.18630981,65.011795,-0.23820496,65.06481,-0.1851883,64.994606,-0.25539398,64.87012,-0.3798828,64.75456,-0.49543762,64.95459,-0.29541016,64.92648,-0.32351685,4.772226,medium
190,2026-02-06 08:10:37.091844,2012-06-27 21:55:00,63.5,63.656013,0.15601349,63.370853,-0.12914658,63.59202,0.09201813,63.553596,0.053596497,63.48977,-0.010231018,63.807747,0.3077469,63.876015,0.3760147,63.798668,0.2986679,63.560295,0.060295105,63.803303,0.30330276,63.741188,0.24118805,63.724094,0.22409439,6.356264,low
191,2026-02-06 08:10:37.091844,2012-06-27 21:55:00,31.75,31.720047,-0.029953003,32.62934,0.8793411,32.50571,0.7557106,32.877953,1.1279526,33.670692,1.9206924,34.234993,2.484993,34.29825,2.5482483,34.578304,2.8283043,34.598015,2.8480148,35.09027,3.340271,35.007362,3.2573624,34.79714,3.0471382,6.8186827,low
192,2026-02-06 08:10:37.091844,2012-06-27 21:55:00,60.0,60.12082,0.12081909,60.393654,0.39365387,60.40543,0.40542984,60.565014,0.5650139,60.76069,0.7606888,61.16985,1.1698494,61.097206,1.0972061,61.46935,1.4693489,61.433994,1.4339943,61.56485,1.5648499,61.92592,1.9259186,61.741844,1.7418442,5.3474255,medium
193,2026-02-06 08:10:37.091844,2012-06-27 21:55:00,37.0,37.21802,0.2180214,37.408337,0.40833664,37.915028,0.9150276,38.10124,1.1012383,38.568787,1.5687866,38.769215,1.7692146,39.775703,2.7757034,39.370247,2.370247,39.93753,2.9375305,40.82227,3.8222694,40.268757,3.2687569,40.580444,3.5804443,6.194997,low
194,2026-02-06 08:10:37.091844,2012-06-27 21:55:00,60.6,60.78881,0.18881226,60.65698,0.056980133,60.433987,-0.16601181,60.62622,0.026222229,60.346336,-0.2536621,60.66599,0.06599045,60.532665,-0.06733322,60.45507,-0.14492798,60.489056,-0.11094284,60.249886,-0.35011292,60.41755,-0.18244934,60.367218,-0.23278046,6.409928,low
195,2026-02-06 08:10:37.091844,2012-06-27 21:55:00,68.125,68.2124,0.087402344,68.33861,0.21360779,68.56888,0.44387817,68.43286,0.30786133,68.54187,0.41687012,68.72967,0.60466766,69.000084,0.8750839,68.83155,0.7065506,69.114395,0.98939514,68.91988,0.7948837,69.358955,1.2339554,69.46357,1.3385696,5.883399,low
196,2026-02-06 08:10:37.091844,2012-06-27 21:55:00,0.0,0.116539,0.116539,0.24804115,0.24804115,0.28960228,0.28960228,0.29057884,0.29057884,0.65159035,0.65159035,0.7967472,0.7967472,0.9874668,0.9874668,1.0811958,1.0811958,1.2624493,1.2624493,1.0374794,1.0374794,1.2486668,1.2486668,1.2926407,1.2926407,3.0016675,high
197,2026-02-06 08:10:37.091844,2012-06-27 21:55:00,46.375,46.37643,0.0014305115,46.56802,0.19301987,46.41175,0.036750793,46.556446,0.18144608,46.34073,-0.03427124,46.654358,0.2793579,46.502747,0.12774658,46.29731,-0.077690125,46.076347,-0.29865265,45.94477,-0.4302292,46.34191,-0.033088684,46.230637,-0.1443634,4.7185373,high
198,2026-02-06 08:10:37.091844,2012-06-27 21:55:00,67.875,67.78741,-0.08759308,67.71151,-0.1634903,67.902664,0.027664185,67.61388,-0.26112366,67.970184,0.095184326,67.78126,-0.09374237,67.865425,-0.00957489,67.72216,-0.15283966,67.94205,0.06704712,68.15096,0.27596283,67.98678,0.11177826,67.78773,-0.087272644,4.996414,medium
199,2026-02-06 08:10:37.091844,2012-06-27 21:55:00,64.5,64.61874,0.11873627,64.33505,-0.16494751,64.2081,-0.29190063,64.106674,-0.3933258,64.22507,-0.27493286,64.48596,-0.014038086,64.25816,-0.24183655,64.07326,-0.42674255,64.39074,-0.10926056,64.22472,-0.2752838,64.05839,-0.44161224,64.150925,-0.34907532,5.8220167,low
200,2026-02-06 08:10:37.091844,2012-06-27 21:55:00,65.0,65.099236,0.099235535,65.24021,0.24021149,64.772026,-0.22797394,64.827774,-0.17222595,64.566154,-0.43384552,64.786476,-0.21352386,64.51562,-0.48438263,64.516235,-0.48376465,64.37152,-0.628479,64.42157,-0.5784302,64.55127,-0.44873047,64.65356,-0.34644318,4.123179,high
201,2026-02-06 08:10:37.091844,2012-06-27 21:55:00,67.5,67.33214,-0.16786194,67.21805,-0.2819519,67.41865,-0.081352234,67.30522,-0.19477844,67.518394,0.01839447,67.2852,-0.21479797,67.20639,-0.29360962,67.515144,0.015144348,67.43235,-0.06764984,67.428894,-0.07110596,67.36803,-0.13197327,67.4045,-0.09549713,4.1945395,high
202,2026-02-06 08:10:37.091844,2012-06-27 21:55:00,62.5,62.570194,0.070194244,62.358215,-0.14178467,62.294067,-0.20593262,62.34103,-0.15896988,62.474766,-0.025234222,62.632698,0.13269806,62.500145,0.0001449585,62.220512,-0.2794876,62.374596,-0.12540436,62.44055,-0.059448242,62.42012,-0.07987976,62.345695,-0.1543045,3.9281206,high
203,2026-02-06 08:10:37.091844,2012-06-27 21:55:00,67.875,67.95149,0.07649231,67.692184,-0.18281555,67.86504,-0.00995636,67.6108,-0.2641983,67.572876,-0.30212402,67.81954,-0.05545807,67.77983,-0.09516907,67.784904,-0.09009552,67.773476,-0.10152435,67.86233,-0.012672424,67.59874,-0.27626038,67.785515,-0.08948517,3.5592527,high
204,2026-02-06 08:10:37.091844,2012-06-27 21:55:00,66.125,65.93691,-0.18808746,66.02074,-0.104263306,65.98545,-0.13954926,66.20577,0.0807724,66.12115,-0.0038528442,66.350555,0.22555542,66.29809,0.17308807,66.37911,0.25411224,66.39559,0.27059174,66.27827,0.1532669,66.768585,0.6435852,66.21683,0.09182739,4.7791367,medium
205,2026-02-06 08:10:37.091844,2012-06-27 21:55:00,66.75,66.72024,-0.029762268,66.78567,0.03566742,66.80965,0.059646606,66.825966,0.07596588,66.80339,0.053390503,66.654915,-0.095085144,66.75071,0.0007095337,66.863235,0.11323547,66.94328,0.19328308,67.06149,0.31149292,66.8899,0.13990021,66.73834,-0.011657715,6.1213717,low
206,2026-02-06 08:10:37.091844,2012-06-27 21:55:00,62.0,62.133106,0.13310623,62.088356,0.08835602,61.95674,-0.043258667,61.992058,-0.0079422,62.141815,0.14181519,62.433247,0.4332466,62.342094,0.34209442,62.5828,0.5828018,62.78492,0.78491974,62.493393,0.49339294,62.55951,0.5595093,62.702553,0.7025528,6.7399197,low
